race_id,date,stadium_id,race_no,title,deadline
20260219_03_01,2026-02-19,3,1,予選,2026-02-19 10:59:00
20260219_06_01,2026-02-19,6,1,予選,2026-02-19 11:19:00
20260219_10_01,2026-02-19,10,1,みくにあさイチ,2026-02-19 08:51:00
20260219_13_01,2026-02-19,13,1,朝からセンプル,2026-02-19 10:43:00
20260219_16_01,2026-02-19,16,1,一般,2026-02-19 10:48:00
20260219_18_01,2026-02-19,18,1,朝トク予選,2026-02-19 08:35:00
20260219_19_01,2026-02-19,19,1,予選,2026-02-19 15:21:00
