race_id,rank1_boat,rank2_boat,rank3_boat,payoff_3t,win_method
20260219_03_01,1,5,3,3030,逃げ
20260219_06_01,1,4,2,2010,逃げ
20260219_10_01,1,6,3,1540,逃げ
20260219_13_01,3,1,6,4730,まくり差し
20260219_16_01,1,2,4,2750,逃げ
20260219_18_01,1,2,3,920,逃げ
20260219_19_01,1,5,2,3400,逃げ
